{"rec_texts": ["cbanks", "docecea", "grouf", "pwate", "chobnsonsg", "soxee", "oeioh", "c", "sones", "lbrandec", "sretalg", "11", "to8", "round", "sale", "year", "ally", "sie", "sall"], "rec_scores": [0.8671619296073914, 0.763950743845531, 0.5317005038261413, 0.2238852471113205, 0.7913928031921387, 0.37626094818115235, 0.3872953414916992, 0.13134445250034332, 0.6458197891712188, 0.6826268807053566, 0.709610926253455, 0.6958519667387009, 0.522804856300354, 0.9999941825866699, 0.9164711982011795, 0.9982682019472122, 0.9997921735048294, 0.6453459759553274, 0.9324492961168289], "det_polygons": [[551.9930285844646, 411.9138765335083, 553.6153911653112, 383.53195309638977, 620.2410061195247, 387.33785033226013, 618.6186435386782, 415.71977376937866], [468.9537496097752, 406.6847491264343, 474.2110249003425, 373.215206861496, 568.4817622450531, 388.01310658454895, 563.2244869544857, 421.4826488494873], [590.5385245901639, 330.01953125, 590.5385245901639, 312.1484375, 637.6147540983605, 312.1484375, 637.6147540983605, 330.01953125], [631.0712565437691, 314.3289130926132, 681.7556297427317, 310.60336887836456, 682.9117894907466, 326.32201969623566, 632.2274162917839, 330.0475639104843], [498.0933179511398, 321.518217921257, 499.76674534531884, 304.2317560315132, 588.7035374375639, 312.8356558084488, 587.0301100433849, 330.12213587760925], [439.82545626280734, 310.3056991100311, 442.90629392530093, 292.7744150161743, 498.7986234070824, 302.5900638103485, 495.7177857445888, 320.1213479042053], [637.2627560474832, 290.9204235672951, 675.6445827796811, 289.9612048268318, 676.1046025510693, 308.3569383621216, 637.7227758188716, 309.31615710258484], [619.7377049180327, 309.169921875, 619.7377049180327, 290.703125, 639.4024590163933, 290.703125, 639.4024590163933, 309.169921875], [580.587578245069, 308.2032859325409, 581.5090726258323, 287.93710857629776, 623.0820864818135, 289.82618629932404, 622.1605921010502, 310.0923454761505], [516.6630518678759, 300.6750440597534, 518.5960223588786, 282.3175781965256, 581.720787923844, 288.96008253097534, 579.7878174328413, 307.3175483942032], [462.0407595775166, 295.54255843162537, 463.860179963659, 277.6142358779907, 517.9023919777791, 283.0949664115906, 516.0829715916367, 301.0232889652252], [445.13852459016385, 288.916015625, 445.13852459016385, 275.21484375, 462.4196721311475, 275.21484375, 462.4196721311475, 288.916015625], [12.708091648289413, 242.55853950977325, 14.11987552330142, 208.68708670139313, 74.6477825602547, 211.20824456214905, 73.23599868524269, 245.07969737052917], [450.07097092925517, 223.7011033296585, 453.98244834024393, 179.38590288162231, 660.8845967277151, 197.63589203357697, 656.9731193167263, 241.95109248161316], [18.766596228177427, 114.42952916026115, 20.849587793819236, 88.05377706885338, 83.81092504282465, 93.02275702357292, 81.72792438444543, 119.3985091149807], [588.0643543681159, 116.80935114622116, 592.6805552998526, 67.46757835149765, 707.6868075011206, 78.21997612714767, 703.0706065693838, 127.56174892187119], [457.36167327380565, 107.18433171510696, 461.6064540675428, 54.958303570747375, 588.3892560614913, 65.25597959756851, 584.1444752677542, 117.4820077419281], [31.773472954796958, 58.521878272295, 32.824093299615576, 39.61701199412346, 68.73221126618931, 41.6112394630909, 67.6815909213707, 60.516105741262436], [156.79603691726433, 39.05041866004467, 159.12410503449985, 11.898614540696144, 217.97542949739048, 16.941330209374428, 215.64736138015493, 44.093134328722954]], "det_scores": [0.8227580189704895, 0.7761646509170532, 0.7701425552368164, 0.7367045879364014, 0.8219419717788696, 0.799309253692627, 0.8390430808067322, 0.7473816871643066, 0.8208098411560059, 0.8446008563041687, 0.8288857340812683, 0.6628397703170776, 0.7784779667854309, 0.9304946064949036, 0.8886186480522156, 0.9348578453063965, 0.8919400572776794, 0.8632999062538147, 0.9080262780189514]}